{"cameraMode":{"drawMode":0,"name":"Shaded","section":"Shading Mode"},"sceneLighting":true,"audioPlay":false,"sceneViewState":{"showFog":true,"showMaterialUpdate":false,"showSkybox":true,"showFlares":true,"showImageEffects":true,"showParticleSystems":true},"in2DMode":false,"pivot":{"x":-27.795812606811525,"y":0.8174996376037598,"z":5.790792465209961},"rotation":{"x":-0.030430305749177934,"y":0.854063868522644,"z":-0.050285112112760547,"w":-0.5168384313583374},"size":43.09868621826172,"orthographic":false}